{"min_others_psk":0.19089276756012927,"min_settlements_psk":0.7337440753092469,"max_homes_psk":37.89812337717046,"max_population_psk":12.353803854116602,"min_population_psk":1.4376611556872236,"min_leisures_psk":1.2527337871133484,"min_all_psk":8.405247171631942,"max_jobs_psk":6.514642867283846,"min_educations_psk":0.20282356553263736,"max_leisures_psk":10.798590900633924,"max_educations_psk":1.1320218671102862,"max_settlements_psk":4.971052546875605,"min_shops_psk":0.8172596611168035,"min_homes_psk":4.53370322955307,"max_others_psk":1.5257686034964728,"max_shops_psk":7.087441254951358,"max_all_psk":68.06896705276199,"min_jobs_psk":0.5555197822056277}