{"min_HOME_psk":574.0915745610324,"avg_square_km":74.09726672258127,"min_POPULATION_psk":191.07702117350593,"max_EDUCATION_psk":131.51141461985623,"min_OTHER_psk":16.066503604544593,"min_JOB_psk":49.21251748158134,"max_LEISURE_psk":945.2822970965657,"min_LEISURE_psk":130.79767815821793,"max_JOB_psk":453.61687019771637,"max_ALL_psk":2563.2711882868443,"avg_square_px":132.50672660781234,"min_SHOPPING_psk":100.18962722345842,"max_SHOPPING_psk":438.45828464989665,"max_OTHER_psk":77.56734410757262,"max_SETTLEMENT_psk":469.0796414087031,"min_ALL_psk":383.9186346073076,"min_EDUCATION_psk":18.63714418127173,"min_SETTLEMENT_psk":69.01516395823359,"max_HOME_psk":2064.203910250933,"max_POPULATION_psk":685.4823919467252}