{"min_others_psk":0.0,"min_settlements_psk":0.0,"max_homes_psk":51.32002392546365,"max_population_psk":16.59347440256658,"min_population_psk":0.0,"min_leisures_psk":0.0,"min_all_psk":0.0,"max_jobs_psk":14.882806939627597,"min_educations_psk":0.0,"max_leisures_psk":20.356942825467634,"max_educations_psk":2.5660011963803497,"max_settlements_psk":6.842669857300045,"min_shops_psk":0.0,"min_homes_psk":0.0,"max_others_psk":2.3949344498549703,"max_shops_psk":10.26400478509273,"max_all_psk":89.81004186956139,"min_jobs_psk":0.0}