{"min_others_psk":0.0,"min_settlements_psk":0.0,"max_homes_psk":120.08885592038432,"max_population_psk":38.4900179232001,"min_population_psk":0.0,"min_leisures_psk":0.0,"min_all_psk":0.0,"max_jobs_psk":40.02961867022069,"min_educations_psk":0.0,"max_leisures_psk":107.77205018496029,"max_educations_psk":15.396007180854113,"max_settlements_psk":20.014809335110346,"min_shops_psk":0.0,"min_homes_psk":0.0,"max_others_psk":6.158402870026831,"max_shops_psk":26.173212207451993,"max_all_psk":180.13328388057647,"min_jobs_psk":0.0}