{"min_others_psk":0.0,"min_settlements_psk":0.0,"max_homes_psk":64.27832998006592,"max_population_psk":21.55441005319576,"min_population_psk":0.0,"min_leisures_psk":0.0,"min_all_psk":0.0,"max_jobs_psk":18.86010879477401,"min_educations_psk":0.0,"max_leisures_psk":53.88602512286209,"max_educations_psk":4.233901974337023,"max_settlements_psk":8.85270412815923,"min_shops_psk":0.0,"min_homes_psk":0.0,"max_others_psk":3.079201436170823,"max_shops_psk":14.241306642290056,"max_all_psk":106.61734972741473,"min_jobs_psk":0.0}