{"min_HOME_psk":8.46780463696982,"avg_square_km":2.5980762113591727,"min_POPULATION_psk":2.694301475399488,"max_EDUCATION_psk":215.1592178211877,"min_OTHER_psk":0.7698004215427109,"min_JOB_psk":2.694301475399488,"max_JOB_psk":573.1164138385483,"min_LEISURE_psk":2.694301475399488,"max_LEISURE_psk":1112.7465093399885,"max_ALL_psk":2875.204574462025,"avg_square_px":24.812057252690863,"min_SHOPPING_psk":0.7698004215427109,"max_OTHER_psk":104.69285732980867,"max_SHOPPING_psk":657.4095599974751,"max_SETTLEMENT_psk":541.1696963445257,"min_ALL_psk":3.8490021077135546,"min_EDUCATION_psk":8.46780463696982,"min_SETTLEMENT_psk":1.5396008430854218,"max_HOME_psk":3227.773167528587,"max_POPULATION_psk":1066.558484047426}