{"min_HOME_psk":3.4213352068564924,"avg_square_km":5.845671475558208,"min_POPULATION_psk":1.368534082742597,"max_EDUCATION_psk":167.81649189631096,"min_OTHER_psk":0.34213352068564923,"min_JOB_psk":1.0264005620569476,"max_JOB_psk":525.0038874921288,"min_LEISURE_psk":1.8817343637710708,"max_LEISURE_psk":1093.9719323923634,"max_ALL_psk":3200.316952493563,"avg_square_px":37.218085879036515,"min_SHOPPING_psk":0.8553338017141231,"max_SHOPPING_psk":646.8034208562199,"max_OTHER_psk":101.10045536260935,"max_SETTLEMENT_psk":576.6660491156618,"min_ALL_psk":3.4213352068564924,"min_EDUCATION_psk":3.5924019671993173,"min_SETTLEMENT_psk":1.0264005620569476,"max_HOME_psk":2954.8361514016096,"max_POPULATION_psk":981.0678705660993}