{"min_HOME_psk":20.014810960110484,"avg_square_km":0.6495190528397904,"min_POPULATION_psk":6.158403372341687,"max_EDUCATION_psk":307.92016861708436,"min_OTHER_psk":1.5396008430854218,"min_JOB_psk":6.158403372341687,"max_JOB_psk":695.8995810746106,"min_LEISURE_psk":6.158403372341687,"max_LEISURE_psk":1354.848741915171,"max_ALL_psk":3778.180468931625,"avg_square_px":12.406028626345403,"min_SHOPPING_psk":3.0792016861708436,"max_OTHER_psk":140.1036767207734,"max_SHOPPING_psk":917.6021024789114,"max_SETTLEMENT_psk":765.1816190134547,"min_ALL_psk":10.777205901597952,"min_EDUCATION_psk":4.618802529256265,"min_SETTLEMENT_psk":4.618802529256265,"max_HOME_psk":3898.269334692288,"max_POPULATION_psk":1300.9627124071815}