{"min_HOME_psk":68.44355747998026,"avg_square_km":9.359653641403918,"min_POPULATION_psk":22.92367953874937,"max_EDUCATION_psk":157.8798537366833,"min_OTHER_psk":2.1763420734901255,"min_JOB_psk":7.724775126730634,"max_LEISURE_psk":1087.8596372995455,"min_LEISURE_psk":15.531168433543169,"max_JOB_psk":556.0886252616888,"max_ALL_psk":3132.9012610393306,"avg_square_px":47.09412370732363,"min_SHOPPING_psk":8.404967195529771,"max_SHOPPING_psk":615.5844276223473,"max_OTHER_psk":98.70716568112535,"max_SETTLEMENT_psk":571.3920618013981,"min_ALL_psk":51.35218320705251,"min_EDUCATION_psk":4.1839849201019605,"min_SETTLEMENT_psk":10.486011808634242,"max_HOME_psk":3358.1342329436047,"max_POPULATION_psk":1109.484268279533}