{"min_HOME_psk":1.3333333333333333,"avg_square_km":9.000000000018888,"min_POPULATION_psk":0.5555555555555556,"max_EDUCATION_psk":166.55555555555554,"min_OTHER_psk":0.3333333333333333,"min_JOB_psk":0.6666666666666666,"max_JOB_psk":451.44444444444446,"min_LEISURE_psk":1.1111111111111112,"max_LEISURE_psk":938.0,"max_ALL_psk":2636.4444444444443,"avg_square_px":46.180442087343614,"min_SHOPPING_psk":0.5555555555555556,"max_OTHER_psk":83.66666666666667,"max_SHOPPING_psk":498.1111111111111,"max_SETTLEMENT_psk":481.77777777777777,"min_ALL_psk":2.2222222222222223,"min_EDUCATION_psk":2.4444444444444446,"min_SETTLEMENT_psk":0.6666666666666666,"max_HOME_psk":2892.4444444444443,"max_POPULATION_psk":964.8888888888889}