{"min_others_psk":0.0,"min_settlements_psk":0.0,"max_homes_psk":42.111111111111114,"max_population_psk":14.222222222222221,"min_population_psk":0.0,"min_leisures_psk":0.0,"min_all_psk":0.0,"max_jobs_psk":12.444444444444445,"min_educations_psk":0.0,"max_leisures_psk":17.88888888888889,"max_educations_psk":2.2222222221619408,"max_settlements_psk":6.7777777775939185,"min_shops_psk":0.0,"min_homes_psk":0.0,"max_others_psk":1.6666666666214554,"max_shops_psk":10.333333333053023,"max_all_psk":82.77777777777777,"min_jobs_psk":0.0}