{"min_others_psk":0.0,"min_settlements_psk":0.0,"max_homes_psk":116.04740413659285,"max_population_psk":39.83716858420352,"min_population_psk":0.0,"min_leisures_psk":0.0,"min_all_psk":0.0,"max_jobs_psk":29.444863723699246,"min_educations_psk":0.0,"max_leisures_psk":119.51150580314764,"max_educations_psk":17.320508072764262,"max_settlements_psk":19.05255887198405,"min_shops_psk":0.0,"min_homes_psk":0.0,"max_others_psk":5.196152426223811,"max_shops_psk":31.176914530975672,"max_all_psk":176.66918249160958,"min_jobs_psk":0.0}