{"min_HOME_psk":9.093267041973222,"avg_square_km":2.309401076763154,"min_POPULATION_psk":3.031089013991074,"max_EDUCATION_psk":206.5470656676775,"min_OTHER_psk":0.8660254325688783,"min_JOB_psk":2.598076297706635,"max_JOB_psk":574.1748617931663,"min_LEISURE_psk":2.598076297706635,"max_LEISURE_psk":1180.3926645913812,"max_ALL_psk":3359.312652934679,"avg_square_px":23.393031918085946,"min_SHOPPING_psk":1.7320508651377566,"max_OTHER_psk":109.11920450367867,"max_SHOPPING_psk":652.1171507243654,"max_SETTLEMENT_psk":619.6411970030324,"min_ALL_psk":5.629165311697709,"min_EDUCATION_psk":9.526279758257662,"min_SETTLEMENT_psk":1.7320508651377566,"max_HOME_psk":3201.696024207143,"max_POPULATION_psk":1078.2016635482535}