{"min_others_psk":0.0,"min_settlements_psk":0.0,"max_homes_psk":72.74613391330034,"max_population_psk":23.38268590070368,"min_population_psk":0.0,"min_leisures_psk":0.0,"min_all_psk":0.0,"max_jobs_psk":16.887495376300993,"min_educations_psk":0.0,"max_leisures_psk":62.353829075134946,"max_educations_psk":4.7631397205137125,"max_settlements_psk":10.825317546622074,"min_shops_psk":0.0,"min_homes_psk":0.0,"max_others_psk":2.5980762117386145,"max_shops_psk":16.454482670865552,"max_all_psk":115.18137869605887,"min_jobs_psk":0.0}