{"min_HOME_psk":17.32051615138131,"avg_square_km":0.5773502691907618,"min_POPULATION_psk":5.196154845414393,"max_EDUCATION_psk":320.42954880055424,"min_OTHER_psk":1.732051615138131,"min_JOB_psk":6.928206460552524,"min_LEISURE_psk":6.928206460552524,"max_LEISURE_psk":1444.5310470252014,"max_JOB_psk":678.9642331341473,"max_ALL_psk":3767.212262925435,"avg_square_px":11.696515959042701,"min_SHOPPING_psk":3.464103230276262,"max_OTHER_psk":140.29618082618862,"max_SHOPPING_psk":914.5232527929331,"max_SETTLEMENT_psk":744.7821945093964,"min_ALL_psk":10.392309690828785,"min_EDUCATION_psk":8.660258075690654,"min_SETTLEMENT_psk":3.464103230276262,"max_HOME_psk":3824.3699662249933,"max_POPULATION_psk":1274.7899887416645}