{"min_HOME_psk":3.6565520023278766,"avg_square_km":5.196152422717937,"min_POPULATION_psk":1.347150737699744,"max_EDUCATION_psk":207.46121360576058,"min_OTHER_psk":0.5773503161570331,"min_JOB_psk":1.1547006323140663,"max_JOB_psk":501.7174247404618,"min_LEISURE_psk":2.886751580785166,"max_LEISURE_psk":913.9455504765835,"max_ALL_psk":2667.5509107508788,"avg_square_px":35.08954787713175,"min_SHOPPING_psk":1.347150737699744,"max_OTHER_psk":94.49300174436776,"max_SHOPPING_psk":617.1874879718684,"max_SETTLEMENT_psk":535.3961931829555,"min_ALL_psk":3.6565520023278766,"min_EDUCATION_psk":4.041452213099232,"min_SETTLEMENT_psk":0.7698004215427109,"max_HOME_psk":3003.9536949650437,"max_POPULATION_psk":988.6161913662264}