{"min_others_psk":0.0,"min_settlements_psk":0.0,"max_homes_psk":53.693575033137584,"max_population_psk":17.128057985481163,"min_population_psk":0.0,"min_leisures_psk":0.0,"min_all_psk":0.0,"max_jobs_psk":14.048856549889045,"min_educations_psk":0.0,"max_leisures_psk":31.561814714819224,"max_educations_psk":2.1169509870690466,"max_settlements_psk":7.505553499608439,"min_shops_psk":0.0,"min_homes_psk":0.0,"max_others_psk":2.1169509870690466,"max_shops_psk":11.162105204021433,"max_all_psk":91.02889243969203,"min_jobs_psk":0.0}