{"min_HOME_psk":36.75269314169573,"avg_square_km":1.0067465501253385,"min_POPULATION_psk":12.8459576982613,"max_EDUCATION_psk":427.0533771290201,"min_OTHER_psk":4.205453211178935,"min_JOB_psk":22.465181873077146,"max_LEISURE_psk":2196.4421124194855,"min_LEISURE_psk":42.55829183176099,"max_JOB_psk":1141.323935765488,"max_ALL_psk":6567.008290358379,"avg_square_px":15.44531985342873,"min_SHOPPING_psk":15.279605873480499,"max_SHOPPING_psk":1519.5487293657209,"max_OTHER_psk":230.07186074288737,"max_SETTLEMENT_psk":1294.7729739557794,"min_ALL_psk":117.6806711621816,"min_EDUCATION_psk":16.170721658880833,"min_SETTLEMENT_psk":20.656770543445205,"max_HOME_psk":5492.739728228557,"max_POPULATION_psk":1840.5268728683996}