{"min_others_psk":0.0,"min_settlements_psk":0.0,"max_homes_psk":54.47173836175199,"max_population_psk":17.47210847636936,"min_population_psk":0.0,"min_leisures_psk":0.0,"min_all_psk":0.7043226195624394,"max_jobs_psk":12.27413894308231,"min_educations_psk":0.0,"max_leisures_psk":17.981536802483593,"max_educations_psk":3.025419039506349,"max_settlements_psk":7.589527926107247,"min_shops_psk":0.0,"min_homes_psk":0.0,"max_others_psk":1.8973819815268118,"max_shops_psk":9.351785170070695,"max_all_psk":92.65016029317462,"min_jobs_psk":0.0}